0,RW
1,RW
6,RW
10,RW
17,R
1b,RW
20,R
21,R
22,R
23,R
2a,R
2e,RW
33,RW
34,R
35,R
3a,R
3b,RW
3e,RW
59,R
7a,RW
80,RW
8b,RW
95,RW
9b,R
c1,RW
c2,RW
c3,RW
c4,RW
ce,R
e2,RW
e4,RW
e7,RW
e8,RW
fe,R
102,RW
103,RW
104,RW
110,R
118,R
11f,RW
121,R
139,W
13a,R
13c,R
13d,RW
140,RW
150,RW
174,RW
175,RW
176,RW
179,R
17a,RW
186,RW
187,RW
188,RW
189,RW
194,RW
198,R
199,RW
19a,RW
19b,RW
19c,RW
19d,R
1a0,RW
1a1,R
1a2,RW
1a4,RW
1a6,RW
1a7,RW
1a8,RW
1aa,RW
1ad,RW
1b0,RW
1b1,RW
1b2,RW
1c6,R
1c8,RW
1c9,RW
1d9,RW
1da,R
1db,R
1dc,R
1dd,RW
1de,RW
1e0,RW
1f0,R
1f2,R
1f3,R
1f4,R
1f5,R
1fb,R
1fc,RW
200,RW
201,RW
202,RW
203,RW
204,RW
205,RW
206,RW
207,RW
208,RW
209,RW
20a,RW
20b,RW
20c,RW
20d,RW
20e,RW
20f,RW
210,RW
211,RW
212,RW
213,RW
250,RW
258,RW
259,RW
268,RW
269,RW
26a,RW
26b,RW
26c,RW
26d,RW
26e,RW
26f,RW
277,RW
280,RW
281,RW
282,RW
283,RW
284,RW
285,RW
286,RW
287,RW
288,RW
289,RW
2e0,R
2e6,W
2e7,RW
2f4,R
2f5,R
2ff,RW
300,W
301,W
302,RW
305,R
309,RW
30a,RW
30b,RW
345,R
38d,RW
38e,R
38f,RW
390,RW
391,RW
392,R
393,RW
394,RW
395,RW
396,R
397,RW
3b0,RW
3b1,RW
3b2,RW
3b3,RW
3f1,RW
3f6,RW
3f7,RW
3f8,R
3f9,R
3fa,R
3fc,R
3fd,R
3fe,R
400,RW
401,RW
402,RW
403,RW
404,RW
405,RW
406,RW
407,RW
408,RW
409,RW
40a,RW
40b,RW
40c,RW
40d,RW
40e,RW
40f,RW
410,RW
411,RW
412,RW
413,RW
414,RW
415,R
416,RW
417,RW
418,RW
419,RW
41a,R
41b,R
41c,RW
41d,RW
41e,R
41f,R
420,RW
421,RW
422,R
423,R
424,RW
425,RW
426,R
427,R
480,R
481,R
482,R
483,R
484,R
485,R
486,R
487,R
488,R
489,R
48a,R
48b,R
48c,R
48d,R
48e,R
48f,R
490,R
491,R
4c1,RW
4c2,RW
4c3,RW
4c4,RW
4e0,R
4e2,R
4e3,R
500,R
503,RW
560,RW
561,RW
570,RW
571,RW
572,RW
580,RW
581,RW
582,RW
583,RW
600,RW
601,RW
603,RW
606,R
607,RW
608,RW
609,RW
60a,RW
60b,RW
60c,RW
60d,R
610,RW
611,R
613,R
614,R
615,RW
618,RW
619,R
61b,R
61d,R
620,RW
621,R
622,RW
623,R
630,R
631,R
632,R
633,RW
634,RW
635,RW
636,RW
637,R
638,RW
639,R
63a,RW
640,RW
641,R
642,RW
648,R
649,R
64a,R
64b,R
64c,RW
64d,R
64e,R
64f,RW
652,RW
653,R
655,R
656,R
658,R
659,R
65a,R
65b,R
65c,RW
680,RW
681,RW
682,RW
683,RW
684,RW
685,RW
686,RW
687,RW
688,RW
689,RW
68a,RW
68b,RW
68c,RW
68d,RW
68e,RW
68f,RW
690,RW
691,RW
692,RW
693,RW
694,RW
695,RW
696,RW
697,RW
698,RW
699,RW
69a,RW
69b,RW
69c,RW
69d,RW
69e,RW
69f,RW
6b0,RW
6b1,RW
6c0,RW
6c1,RW
6c2,RW
6c3,RW
6c4,RW
6c5,RW
6c6,RW
6c7,RW
6c8,RW
6c9,RW
6ca,RW
6cb,RW
6cc,RW
6cd,RW
6ce,RW
6cf,RW
6d0,RW
6d1,RW
6d2,RW
6d3,RW
6d4,RW
6d5,RW
6d6,RW
6d7,RW
6d8,RW
6d9,RW
6da,RW
6db,RW
6dc,RW
6dd,RW
6de,RW
6df,RW
6e0,RW
700,RW
701,RW
702,RW
703,RW
704,RW
705,RW
706,RW
707,RW
708,RW
709,RW
710,RW
711,RW
712,RW
713,RW
714,RW
715,RW
716,RW
717,RW
718,RW
719,RW
720,RW
721,RW
722,RW
723,RW
724,RW
725,RW
726,RW
727,RW
728,RW
729,RW
730,RW
731,RW
732,RW
733,RW
734,RW
735,RW
736,RW
737,RW
738,RW
739,RW
740,RW
741,RW
742,RW
743,RW
744,RW
745,RW
746,RW
747,RW
748,RW
749,RW
770,RW
773,RW
83f,W
c80,R
c8f,RW
c90,RW
c91,RW
c92,RW
c93,RW
d90,RW
da0,RW
db0,RW
db1,RW
db2,R
dc0,RW
dc1,RW
dc2,RW
dc3,RW
dc4,RW
dc5,RW
dc6,RW
dc7,RW
dc8,RW
dc9,RW
dca,RW
dcb,RW
dcc,RW
dcd,RW
dce,RW
dcf,RW
dd0,RW
dd1,RW
dd2,RW
dd3,RW
dd4,RW
dd5,RW
dd6,RW
dd7,RW
dd8,RW
dd9,RW
dda,RW
ddb,RW
ddc,RW
ddd,RW
dde,RW
ddf,RW
e01,RW
e02,RW
c0000080,RW
c0000081,RW
c0000082,RW
c0000083,RW
c0000084,RW
c0000100,RW
c0000101,RW
c0000102,RW
c0000103,RW
